name,avg,Max,Min
wxc,10.33522222,30.46,0.29
wzy,10.59688889,32.13,0.48
gyd,9.422111111,29.04,0.36
wkf,8.988388889,38.47,0.18
zzh,10.34416667,29.74,0.56
lhn,10.36877778,33.24,0.03